Chiave,Valore
misc,0
platform,1
racing,2
adventure,3
role-playing,4
strategy,5
action,6
puzzle,7
simulation,8
shooter,9
fighting,10
sports,11
fine_genres,-1
u-sing,0
contrast,1
gtr evolution,2
so blonde,3
enchanted arms,4
empire earth iii,5
empire earth ii,6
country dance,7
empire earth,8
knights of honor,9
guild wars,10
tron: evolution,11
trivial pursuit,12
sonic and the black knight,13
sonic rush adventure,14
sonic the hedgehog,15
trinity universe,16
trine 2,17
trine,18
soul bubbles,19
soul nomad & the world eaters,20
trauma center: second opinion,21
trauma center: new blood,22
stronghold legends,23
trapt,24
contra: shattered soldier,25
grey's anatomy: the video game,26
combat mission: shock force,27
last window: the secret of cape west,28
last rebellion,29
escape from bug island,30
command & conquer: red alert 3,31
silent hunter 5: battle of the atlantic,32
eragon,33
la pucelle: tactics,34
commandos 2: men of courage,35
commandos 3: destination berlin,36
the mummy: tomb of the dragon emperor,37
sin and punishment,38
singstar,39
singstar: back to the 80s,40
beowulf: the game,41
the great escape,42
the destiny of zorro,43
kya: dark lineage,44
conflict: desert storm,45
smuggler's run,46
emily the strange: strangerous,47
transformers: fall of cybertron,48
spider-man: battle for new york,49
spider-man: web of shadows,50
guilty gear x,51
everybody dance,52
el shaddai: ascension of the metatron,53
dark arena,54
dark cloud,55
jurassic park: operation genesis,56
jumper: griffin's story,57
juiced: eliminator,58
juiced 2: hot import nights,59
juiced,60
darkspore,61
darkstalkers chronicle: the chaos tower,62
spider-man: web of shadows - amazing allies edition,63
spider-man: edge of time,64
cy girls,65
soulcalibur ii,66
guild wars: factions,67
kingdom hearts 3d: dream drop distance,68
guild wars: nightfall,69
kingdom hearts: birth by sleep,70
kingdom hearts,71
crazy taxi: fare wars,72
crimson sea 2,73
crimson tears,74
king's bounty: armored princess,75
king arthur,76
turok: rage wars,77
cross edge,78
elite beat agents,79
guilty gear isuka,80
kingdom of paradise,81
kessen iii,82
kessen,83
guilty gear judgment,84
spectral force genesis,85
ct special forces,86
sphinx and the cursed mummy,87
touch 'n' play collection,88
guild wars 2,89
jojo's bizarre adventure: all star battle,90
green lantern: rise of the manhunters,91
vampire night,92
sonic's ultimate genesis collection,93
valkyrie profile: lenneth,94
valkyrie profile: covenant of the plume,95
the settlers: rise of an empire,96
evergrace,97
serious sam: next encounter,98
castlevania: aria of sorrow,99
castlevania: curse of darkness,100
serious sam ii,101
castlevania: harmony of dissonance,102
castlevania: lament of innocence,103
seven samurai 20xx,104
eve online,105
euro truck simulator 2,106
the settlers 7: paths to a kingdom,107
the shoot,108
shadow of the colossus,109
castlevania: order of ecclesia,110
castlevania: portrait of ruin,111
castlevania: the dracula x chronicles,112
shaman king: power of spirit,113
castlevania judgment,114
van helsing,115
the dukes of hazzard: return of the general lee,116
vegas casino,117
samurai warriors: xtreme legends,118
samurai warriors 2,119
dynasty warriors,120
samurai warriors 3,121
evil genius,122
samurai western,123
secret files: tunguska,124
calling,125
bully,126
capcom classics collection,127
capcom fighting evolution,128
captain america: super soldier,129
captain morgane and the golden turtle,130
viewtiful joe,131
secret files 2: puritas cordis,132
secret weapons over normandy,133
etrian mystery dungeon,134
shin megami tensei: nocturne,135
eternal sonata,136
the lord of the rings: aragorn's quest,137
showtime championship boxing,138
the lord of the rings: conquest,139
the scorpion king: rise of the akkadian,140
code lyoko,141
code lyoko: quest for infinity,142
code of princess,143
coded arms,144
coded arms: contagion,145
sid meier's pirates!,146
dirt,147
sigma star saga,148
the void,149
the last airbender,150
tekken tag tournament,151
green day: rock band,152
ultimate marvel vs. capcom 3,153
gray matter,154
untold legends: brotherhood of the blade,155
unsolved crimes,156
legends of wrestling,157
shinobi,158
the sky crawlers: innocent aces,159
legaia 2: duel saga,160
unlimited saga,161
champions: return to arms,162
champions of norrath,163
chaos legion,164
turok 3: shadow of oblivion,165
grease dance,166
the terminator: dawn of fate,167
the thing,168
the lord of the rings online: mines of moria,169
the lord of the rings: the third age,170
ultra street fighter iv,171
showdown: legends of wrestling,172
child of light,173
children of mana,174
chronicles of mystery: curse of the ancient temple,175
chrono trigger,176
spider-man 3,177
star wars: lethal alliance,178
star wars: republic commando,179
harry potter and the half-blood prince,180
timesplitters,181
dragon ball: origins 2,182
dragon ball: revenge of king piccolo,183
dragon ball: fusions,184
dragon ball: raging blast,185
dragon ball: raging blast 2,186
dragon ball z: attack of the saiyans,187
dragon ball z: battle of z,188
time crisis 4,189
time crisis 3,190
dragon ball z: budokai tenkaichi 2,191
dragon ball z: budokai tenkaichi 3,192
dragon ball z: burst limit,193
harvest moon: hero of leaf valley,194
dragon ball z: extreme butoden,195
star wars: the force unleashed ii,196
heatseeker,197
dokapon kingdom,198
don king boxing,199
tom clancy's endwar,200
toca race driver 3,201
guitar hero: world tour,202
headhunter,203
doom,204
titan quest,205
downhill domination,206
brain voyage,207
house m.d.,208
draglade,209
time and eternity,210
dragon ball z: infinite world,211
guitar hero 5,212
dynasty warriors 3,213
street fighter ex3,214
dynasty warriors 2,215
dynasty warriors: strikeforce,216
driver: san francisco,217
dynasty warriors: gundam reborn,218
dynasty warriors: gundam 3,219
street fighter ii turbo,220
dropship: united peace force,221
street fighter iv,222
gungrave: overdose,223
guitar rock tour,224
street fighter x tekken,225
dungeon siege: throne of agony,226
dungeon siege ii,227
srs: street racing syndicate,228
dungeons,229
dungeons & dragons tactics,230
dynasty tactics,231
dynasty tactics 2,232
driv3r,233
stolen,234
stella glow,235
star wars: battlefront,236
dragon ball z: shin budokai - another road,237
star wars: battlefront ii,238
dragon ball z: tenkaichi tag team,239
dragon ball z: ultimate tenkaichi,240
dragon blade: wrath of fire,241
dragon quest iv: chapters of the chosen,242
dragon quest v: hand of the heavenly bride,243
dynasty warriors advance,244
dragon quest ix: sentinels of the starry skies,245
dynasty warriors 5: xtreme legends,246
dragon quest swords: the masked queen and the tower of mirrors,247
dragon quest vi: realms of revelation,248
dragon's crown,249
dynasty warriors 5,250
dragoneer's aria,251
drakan: the ancients' gates,252
dynasty warriors 4: xtreme legends,253
dynasty warriors 4,254
steambot chronicles,255
stella deus: the gate of eternity,256
dynasty warriors 6,257
star wars: the force unleashed,258
tomb raider: the last revelation,259
death jr. ii: root of evil,260
tom clancy's splinter cell: pandora tomorrow,261
earthbound,262
earth defense force: insect armageddon,263
guitar hero: metallica,264
infinite space,265
stronghold,266
demigod,267
guitar hero: van halen,268
top gun: hard lock,269
deponia,270
guitar hero: warriors of rock,271
inazuma eleven strikers,272
destroy all humans!,273
spore creatures,274
impossible creatures,275
sports champions,276
imperial glory,277
deca sports extreme,278
icewind dale ii,279
death jr. and the science fair of doom,280
death jr.,281
deadly creatures,282
thunderstrike: operation phoenix,283
guilty gear x2,284
stronghold crusader extreme,285
james noir's hollywood crimes,286
jak x: combat racing,287
jak ii,288
jak and daxter: the lost frontier,289
spy fiction,290
jak 3,291
tom clancy's splinter cell: chaos theory,292
guitar hero: aerosmith,293
tom clancy's splinter cell: conviction,294
iron man 2,295
iron man,296
dead to rights: reckoning,297
samurai warriors: state of war,298
hyrule warriors,299
star trek: tactical assault,300
star trek online,301
justice league heroes: the flash,302
star wars: bounty hunter,303
star wars: empire at war,304
heroes of the pacific,305
heroes of ruin,306
heroes of might and magic v,307
heroes of mana,308
star wars: empire at war - forces of corruption,309
star wars: knights of the old republic,310
dissidia: final fantasy,311
hellboy: the science of evil,312
divinity ii: ego draconis,313
tomb raider iii: adventures of lara croft,314
tomb raider ii,315
dj hero 2,316
star trek: shattered universe,317
star trek: legacy,318
star ocean: second evolution,319
top gun,320
diablo ii,321
diablo ii: lord of destruction,322
hotel dusk: room 215,323
spyborgs,324
hot pixel,325
digimon rumble arena 2,326
homeworld 2,327
dino stalker,328
homeworld,329
hyperdimension neptunia,330
star ocean: first departure,331
dirt 3,332
dynasty warriors ds: fighter's battle,333
the history channel: battle for the pacific,334
tony hawk's proving ground,335
disgaea 3: absence of justice,336
disgaea 4: a promise unforgotten,337
disgaea d2: a brighter darkness,338
disgaea ds,339
samurai warriors: katana,340
samurai warriors 2: empires,341
"sakura wars: so long, my love",342
flatout: head on,343
phoenix wright: ace attorney - justice for all,344
x-blades,345
phoenix wright: ace attorney - trials and tribulations,346
muramasa: the demon blade,347
flatout 2,348
the crew,349
flatout: ultimate carnage,350
motorstorm: arctic edge,351
motorstorm,352
pirates: the legend of black kat,353
pirates of the caribbean: the legend of jack sparrow,354
pirates of the caribbean: dead man's chest,355
pirates of the burning sea,356
motocross mania 3,357
mortal kombat: deadly alliance,358
tales of symphonia: dawn of the new world,359
tales of graces f,360
playstation all-stars battle royale,361
phantom brave,362
monster hunter,363
phantasy star universe: ambition of the illuminus,364
phantasy star portable 2,365
namco museum battle collection,366
nail'd,367
arc the lad: twilight of the spirits,368
arcana heart 3,369
tatsunoko vs. capcom: ultimate all-stars,370
mytran wars,371
pandora's tower,372
mystic heroes,373
paraworld,374
pdc world championship darts 2008,375
shin megami tensei: persona 3,376
flatout,377
armored core: nexus,378
armored core: nine breaker,379
armored core: verdict day,380
armored core 2,381
armored core 2: another age,382
persona q: shadow of the labyrinth,383
armored core 4,384
armored core: for answer,385
armored core v,386
x2: wolverine's revenge,387
phantasy star universe,388
xenoblade chronicles,389
popstar guitar,390
astonishia story,391
midnight club: los angeles,392
worldshift,393
michael jackson: the experience 3d,394
project: snowblind,395
miami nights: singles in the city,396
world series of poker 2008: battle for the bracelets,397
baldur's gate: dark alliance,398
baldur's gate: dark alliance ii,399
balls of fury,400
band hero,401
barbarian,402
metroid prime: federation force,403
metroid prime 3: corruption,404
feel the magic xy/xx,405
samurai warriors,406
the eye of judgment,407
metal slug xx,408
prince of persia: the forgotten sands,409
portal 2,410
midnight play! pack,411
power rangers: ninja storm,412
astro boy: the video game,413
power stone collection,414
praetorians,415
atelier escha & logy: alchemists of the dusk sky,416
mobile suit gundam: crossfire,417
atelier shallie: alchemists of the dusk sea,418
wwe survivor series,419
mobile suit gundam: federation vs. zeon,420
mobile light force 2,421
mission: impossible - operation surma,422
minority report: everybody runs,423
wwe crush hour,424
primal,425
avalon code,426
tales of graces,427
tale of a hero,428
might & magic heroes vi,429
wrath unleashed,430
forgotten realms: demon stone,431
metal slug advance,432
fireblade,433
apollo justice: ace attorney,434
ace combat 04: shattered skies,435
ace combat zero: the belkan war,436
ace combat 5: the unsung war,437
ace combat: joint assault,438
ace combat x: skies of deception,439
final fantasy tactics a2: grimoire of the rift,440
final fantasy v,441
terraria,442
test drive: eve of destruction,443
teenage mutant ninja turtles: smash-up,444
final fantasy x,445
final fantasy x-2,446
agatha christie: and then there were none,447
nhl hitz pro,448
age of empires: mythologies,449
age of empires: the age of kings,450
age of empires ii: the age of kings,451
age of empires iii,452
age of empires online,453
age of mythology,454
age of mythology: the titans,455
nhl 2k11,456
ni no kuni: wrath of the white witch,457
zone of the enders: the 2nd runner,458
final fantasy iv: the complete collection,459
neverwinter nights 2: mask of the betrayer,460
neverwinter nights 2,461
neverwinter nights,462
neogeo battle coliseum,463
neo contra,464
100 classic games,465
fight night round 2,466
final fantasy: the 4 heroes of light,467
tenchu: dark secret,468
tekken 5,469
clubhouse games,470
nhl 11,471
tekken 4,472
nhl 13,473
nhl 14,474
nhl 2004,475
a game of thrones: genesis,476
the golden compass,477
a new beginning,478
lost in shadow,479
final fantasy iv,480
ace attorney investigations: miles edgeworth,481
xenoblade chronicles x,482
air conflicts: secret wars,483
airborne troops: countdown to d-day,484
the beatles: rock band,485
orphen: scion of sorcery,486
the black eyed peas experience,487
overlord: dark legend,488
amplitude,489
naughty bear,490
the book of unwritten tales,491
fire emblem: awakening,492
fire emblem: radiant dawn,493
naruto shippuden: ultimate ninja storm revolution,494
naruto shippuden: ultimate ninja storm generations,495
naruto shippuden: ultimate ninja storm 3,496
naruto shippuden: ultimate ninja impact,497
naruto shippuden: ultimate ninja 5,498
naruto shippuden: ultimate ninja 4,499
naruto: ninja council 3,500
naruto: powerful shippuden,501
naruto: uzumaki chronicles 2,502
naruto shippuden: ultimate ninja heroes 3,503
naruto: ultimate ninja heroes 2 - the phantom fortress,504
naruto: ultimate ninja heroes,505
alter echo,506
orcs & elves,507
winback: covert operations,508
nightshade,509
ninja assault,510
final fantasy xii,511
final fantasy xii: revenant wings,512
alice: madness returns,513
final fight one,514
odin sphere,515
off-road drive,516
ogre battle 64: person of lordly caliber,517
alien syndrome,518
oil rush,519
one piece: pirate warriors,520
one piece: pirate warriors 2,521
one piece unlimited cruise sp,522
onimusha: blade warriors,523
onimusha: dawn of dreams,524
the awakened fate ultimatum,525
the bard's tale,526
online chess kingdoms,527
operation: vietnam,528
winback 2: project poseidon,529
metal slug 7,530
project x zone,531
batman begins,532
ghost rider,533
"warhammer 40,000: squad command",534
back to the future: the game,535
"warhammer 40,000: fire warrior",536
ghost trick: phantom detective,537
ghosthunter,538
boxing fever,539
ring of red,540
rise of nations,541
tom clancy's ghost recon: advanced warfighter,542
rise of nations: rise of legends,543
link's crossbow training,544
lifesigns: surgical unit,545
lethal skies ii,546
the legend of zelda: skyward sword,547
bravely second: end layer,548
the sims medieval: pirates and nobles,549
breath of fire: dragon quarter,550
the sims: medieval,551
the sims 4,552
the sims 3: generations,553
warhammer: mark of chaos,554
tom clancy's ghost recon: shadow wars,555
luminous arc 2,556
lunar knights,557
white knight chronicles: origins,558
generator rex: agent of providence,559
magna carta: tears of blood,560
rolling stone: drum king,561
metal gear solid 3: snake eater,562
the king of fighters xii,563
wcw mayhem,564
the king of fighters xiii,565
the king of route 66,566
rengoku: the tower of purgatory,567
way of the samurai,568
get on da mic,569
gex 3: deep cover gecko,570
ghost in the shell: stand alone complex,571
the legend of kage 2,572
the legend of legacy,573
warriors orochi 3 hyper,574
warriors orochi 3,575
warriors orochi 2,576
warriors orochi,577
warriors of the lost empire,578
the sims 3: ambitions,579
majesty 2: the fantasy kingdom sim,580
the sims 3,581
the sims 2: nightlife,582
runaway: a twist of fate,583
rune factory: a fantasy harvest moon,584
rune factory 4,585
caesar iv,586
rune factory: frontier,587
viewtiful joe: double trouble!,588
rune factory: tides of destiny,589
rygar: the legendary adventure,590
s.l.a.i.: steel lancer arena international,591
the movies,592
rumble roses,593
golden sun: dark dawn,594
goldeneye: rogue agent,595
suikoden tierkreis,596
the spiderwick chronicles,597
the whispered world,598
broken sword: shadow of the templars - the director's cut,599
saint seiya: soldiers' soul,600
fantastic four: rise of the silver surfer,601
suikoden tactics,602
the simpsons game,603
rock band 3,604
the sims 2: open for business,605
the sims 2: seasons,606
rock band unplugged,607
gladius,608
the sims 2: university,609
buffy the vampire slayer: wrath of the darkhul king,610
bujingai: the forsaken city,611
glory days 2,612
the legend of zelda: twilight princess,613
rogue galaxy,614
goblin commander: unleash the horde,615
god hand,616
virtua fighter 4: evolution,617
virtua fighter 4,618
the sims 2,619
c.o.p.: the recruit,620
viewtiful joe 2,621
rome: total war,622
robotech: invasion,623
blue dragon: awakened shadow,624
the king of fighters xi,625
bloody roar 3,626
futurama,627
g.i. joe: the rise of cobra,628
medal of honor: underground,629
medal of honor: rising sun,630
medal of honor: frontline,631
supreme commander,632
mechassault: phantom war,633
the incredible hulk,634
bloody roar 4,635
marvel trading card game,636
tom clancy's rainbow six: rogue spear,637
tom clancy's rainbow six 3,638
marvel super hero squad: comic combat,639
maximo vs army of zin,640
puzzle chronicles,641
pursuit force: extreme justice,642
pursuit force,643
freaky flyers,644
syndicate,645
friends: the one with all the trivia,646
battle fantasia,647
the grim adventures of billy & mandy,648
the guided fate paradox,649
metal arms: glitch in the system,650
battlefield 1942,651
psychonauts,652
battlefield 2: modern combat,653
fat princess: fistful of cake,654
supreme commander: forged alliance,655
puppeteer,656
mega man zx advent,657
battleforge,658
battles of prince of persia,659
wolfenstein 3d,660
battlestations: midway,661
battlestations: pacific,662
mega man zx,663
the incredible hulk: ultimate destruction,664
big mutha truckers 2,665
super street fighter ii: turbo revival,666
bladestorm: the hundred years' war,667
mana khemia: alchemists of al-revis,668
blazblue: calamity trigger,669
blazblue: chrono phantasma,670
blazblue: continuum shift,671
blazblue: continuum shift ii,672
blazing angels: squadrons of wwii,673
blazing angels 2: secret missions of wwii,674
bleach: shattered blade,675
bleach: the 3rd phantom,676
bleach: the blade of fate,677
contra iii: the alien wars,678
blood bowl,679
makai kingdom: chronicles of the sacred tome,680
the king of fighters ex2: howling blood,681
red faction,682
majin and the forsaken kingdom,683
mana khemia: student alliance,684
blade ii,685
dynasty warriors: gundam 2,686
rebelstar: tactical command,687
rampage: total destruction,688
blade dancer: lineage of light,689
gauntlet: dark legacy,690
ready 2 rumble revolution,691
rebel raiders: operation nighthawk,692
birds of steel,693
black & bruised,694
gauntlet: seven sorrows,695
the king of fighters 2000/2001,696
super smash bros. brawl,697
black & white 2,698
super scribblenauts,699
goldeneye 007,700
gothic 3,701
stretch panic,702
fracture,703
gladiator begins,704
syphon filter: dark mirror,705
swat: global strike team,706
grand theft auto,707
grand theft auto: vice city,708
tekken 6,709
fight night champion,710
gladiator: sword of vengeance,711
full spectrum warrior: ten hammers,712
tales of xillia 2,713
tales of xillia,714
siren,715
full spectrum warrior,716
tom clancy's ghost recon: jungle storm,717
stronghold kingdoms,718
stuntman: ignition,719
syphon filter: the omega strain,720
galerians: ash,721
ghost squad,722
grand theft auto iii,723
god of war: chains of olympus,724
frontlines: fuel of war,725
front mission evolved,726
final fantasy xiii,727
final fantasy xiii-2,728
syphon filter: logan's shadow,729
007: quantum of solace,730
half-life,731
max payne,732
medal of honor: airborne,733
medal of honor: vanguard,734
medal of honor: warfighter,735
medieval ii: total war,736
quantum theory,737
quake ii,738
men of war,739
men of war: assault squad,740
mercenaries 2: world in flames,741
metal gear ac!d,742
metal gear solid: digital graphic novel,743
metal gear solid: portable ops,744
metal gear solid: portable ops plus,745
metal gear solid 2: sons of liberty,746
metal gear solid 2: substance,747
fatal frame ii: crimson butterfly,748
tom clancy's rainbow six: lockdown,749
tom clancy's rainbow six: vegas,750
mace griffin: bounty hunter,751
resident evil 2,752
resident evil: revelations,753
resident evil: outbreak,754
remember me,755
red steel,756
metroid: other m,757
red faction ii,758
red faction: guerrilla,759
red dead revolver,760
maken shao: demon sword,761
marc ecko's getting up: contents under pressure,762
tom clancy's rainbow six: vegas 2,763
marvel nemesis: rise of the imperfects,764
fatal frame,765
project eden,766
miami law,767
onimusha: warlords,768
obscure: the aftermath,769
north american hunting extravaganza,770
no more heroes,771
ninja gaiden sigma 2,772
ninja gaiden: dragon sword,773
ncis,774
ncis 3d,775
nhl 2k9,776
onimusha 2: samurai's destiny,777
nhl 2k8,778
nhl 2k6,779
nhl 2k10,780
nhl 12,781
nhl 10,782
nhl 09,783
nhl 08,784
nhl 07,785
nhl 06,786
nhl 2k7,787
lost planet 2,788
onimusha 3: demon siege,789
outlaw golf 2,790
prison break: the conspiracy,791
midnight club ii,792
midway arcade treasures: extended play,793
prince of persia: the two thrones,794
prince of persia: warrior within,795
playboy: the mansion,796
planescape: torment,797
mortal kombat: shaolin monks,798
mortal kombat vs. dc universe,799
order of war,800
motorstorm: apocalypse,801
mtv celebrity deathmatch,802
mugen souls,803
phoenix wright: ace attorney - dual destinies,804
shin megami tensei: persona 4,805
painkiller,806
napoleon: total war,807
overlord ii,808
overlord: raising hell,809
overlord,810
motorstorm: pacific rift,811
lost planet: extreme condition,812
resistance: retribution,813
jackass the game,814
spirit camera: the cursed memoir,815
spider-man: shattered dimensions,816
just cause,817
spawn: armageddon,818
south park: chef's luv shack,819
killzone,820
killzone: liberation,821
soulcalibur iii,822
soulcalibur: broken destiny,823
socom ii: u.s. navy seals,824
socom 3: u.s. navy seals,825
socom: u.s. navy seals,826
socom 4: u.s. navy seals,827
sniper elite v2,828
sniper elite,829
soulcalibur v,830
tom clancy's splinter cell: essentials,831
injustice: gods among us,832
half-life 2,833
halo: combat evolved,834
halo 2,835
stormrise,836
state of emergency,837
starship troopers,838
starcraft ii: wings of liberty,839
starcraft ii: heart of the swarm,840
starcraft,841
star wars: the old republic,842
haunting ground,843
heavenly sword,844
hitman: absolution,845
hybrid heaven,846
indiana jones and the staff of kings,847
infamous,848
infamous: second son,849
infamous 2,850
headhunter: redemption,851
sniper: ghost warrior,852
the con,853
saw ii: flesh & blood,854
samurai warriors 4-ii,855
samurai warriors 4,856
leisure suit larry: box office bust,857
sacred 3,858
sacred 2: fallen angel,859
s.t.a.l.k.e.r.: shadow of chernobyl,860
second sight,861
s.t.a.l.k.e.r.: call of pripyat,862
rogue trooper,863
rogue ops,864
rocky: legends,865
rocky balboa,866
rocksmith,867
risen 3: titan lords,868
lightning returns: final fantasy xiii,869
risen,870
return to castle wolfenstein: operation resurrection,871
lost horizon,872
rule of rose,873
kuon,874
section 8,875
sengoku basara: samurai heroes,876
silent scope 3,877
silent scope 2: dark silhouette,878
lair,879
lego pirates of the caribbean: the video game,880
silent hill 3,881
silent hill 2,882
silent hill: shattered memories,883
the testament of sherlock holmes,884
legacy of kain: defiance,885
legend: hand of god,886
legion: the legend of excalibur,887
shin megami tensei: digital devil saga 2,888
shin megami tensei: digital devil saga,889
shadow man: 2econd coming,890
shadow man,891
shadow hearts: covenant,892
shadow hearts,893
fight night 2004,894
dante's inferno,895
unreal tournament,896
unreal tournament 2004,897
unreal tournament iii,898
time crisis ii,899
untold legends: dark kingdom,900
x-men origins: wolverine,901
batman: arkham origins,902
timesplitters 2,903
dragon's dogma,904
drakengard,905
drakengard 2,906
world in conflict,907
battlefield: bad company,908
castlevania,909
urban reign,910
area 51,911
uncharted 3: drake's deception,912
tna impact!,913
batman: arkham city,914
ufc undisputed 2010,915
clock tower 3,916
ufc undisputed 3,917
wwe '13,918
tomb raider: underworld,919
titanfall,920
divinity: original sin,921
dmc: devil may cry,922
uncharted: drake's fortune,923
tom clancy's ghost recon,924
uncharted: the nathan drake collection,925
tokyo jungle,926
uncharted 2: among thieves,927
assassin's creed: bloodlines,928
driver: parallel lines,929
eat lead: the return of matt hazard,930
ballistic: ecks vs. sever,931
venetica,932
battlefield 2,933
elite forces: unit 77,934
emergency 2012,935
victorious boxers: revolution,936
empire: total war,937
battlefield 2142,938
battlefield: bad company 2,939
battlefield 3,940
enemy territory: quake wars,941
enslaved: odyssey to the west,942
the witch and the hundred knight,943
call of juarez: bound in blood,944
call of duty 4: modern warfare,945
call of duty 3,946
valkyrie profile 2: silmeria,947
ea sports mma,948
castlevania: lords of shadow 2,949
driver: renegade,950
duke nukem 64,951
castlevania: lords of shadow - reverie,952
castlevania: lords of shadow - mirror of fate,953
castlevania: lords of shadow,954
valkyria chronicles,955
crysis 2,956
dungeon siege iii,957
dynasty warriors 7,958
dynasty warriors 7: xtreme legends,959
dynasty warriors 8,960
valkyria chronicles ii,961
aqua teen hunger force: zombie ninja pro-am,962
batman: arkham asylum,963
tony hawk's project 8,964
darksiders ii,965
wwe smackdown vs. raw 2010,966
tropico 3,967
total war: shogun 2,968
total war: rome ii,969
total overdose: a gunslinger's tale in mexico,970
dc universe online,971
tropico 4,972
counter-strike: source,973
true crime: streets of la,974
turning point: fall of liberty,975
contra advance: the alien wars ex,976
dead or alive: dimensions,977
dead or alive 5,978
constantine,979
conker's bad fur day,980
true crime: new york city,981
conflict: vietnam,982
crysis 3,983
crysis: warhead,984
time crisis: crisis zone,985
crisis core: final fantasy vii,986
tournament of legends,987
cursed mountain,988
the da vinci code,989
wwe '12,990
atelier ayesha: the alchemist of dusk,991
dark sector,992
dark souls,993
dark souls ii,994
dark void,995
asura's wrath,996
conflict: global terror,997
conflict: denied ops,998
dead to rights,999
command & conquer 4: tiberian twilight,1000
diablo iii,1001
assassin's creed ii: discovery,1002
command & conquer 3: tiberium wars,1003
command & conquer 3: kane's wrath,1004
command & conquer: tiberian sun,1005
command & conquer: red alert 2,1006
command & conquer: red alert,1007
commandos: strike force,1008
command & conquer,1009
turok: evolution,1010
ufc 2009 undisputed,1011
dirge of cerberus: final fantasy vii,1012
disaster: day of crisis,1013
disciples iii: renaissance,1014
tony hawk's underground,1015
colosseum: road to freedom,1016
company of heroes: tales of valor,1017
devil may cry 4,1018
wwe all stars,1019
dead to rights ii,1020
deception iv: blood ties,1021
delta force: black hawk down,1022
demon's souls,1023
destiny,1024
destroy all humans! path of the furon,1025
destroy all humans! 2,1026
wwe 2k14,1027
deus ex,1028
conduit 2,1029
devil kings,1030
devil may cry,1031
devil may cry 2,1032
devil may cry 3: dante's awakening,1033
call of duty 2,1034
ea sports ufc,1035
call of duty: world at war,1036
warhawk,1037
the hustle: detroit streets,1038
far cry 2,1039
far cry,1040
"warhammer 40,000: dawn of war ii - retribution",1041
akiba's trip: undead & undressed,1042
family guy: back to the multiverse,1043
alan wake,1044
"warhammer 40,000: dawn of war ii - chaos rising",1045
fallout 3,1046
fallout: brotherhood of steel,1047
"warhammer 40,000: dawn of war ii",1048
fairytale fights,1049
fable iii,1050
fable: the lost chapters,1051
"warhammer 40,000: dawn of war",1052
war leaders: clash of nations,1053
breach,1054
the last remnant,1055
the last story,1056
brink,1057
without warning,1058
buffy the vampire slayer: chaos bleeds,1059
bully: scholarship edition,1060
the first templar,1061
the fight: lights out,1062
the elder scrolls iv: oblivion,1063
bodycount,1064
tekken tag tournament 2,1065
tenchu: fatal shadows,1066
tenchu: wrath of heaven,1067
tenchu: shadow assassins,1068
terminator 3: the redemption,1069
black,1070
the 3rd birthday,1071
the bouncer,1072
virtua fighter 5,1073
the bureau: xcom declassified,1074
24: the game,1075
blades of time,1076
the conduit,1077
blood bowl: legendary edition,1078
blood will tell: tezuka osamu's dororo,1079
bloodrayne,1080
white knight chronicles ii,1081
white knight chronicles: international edition,1082
bmx xxx,1083
way of the samurai 3,1084
ace combat: assault horizon,1085
way of the samurai 2,1086
zone of the enders,1087
aliens: infestation,1088
call of duty: modern warfare 2,1089
cabela's dangerous hunts 2011,1090
call of duty: roads to victory,1091
call of duty: ghosts,1092
cabela's big game hunter 2010,1093
call of duty: black ops,1094
the mark of kri,1095
cabela's big game hunter: pro hunts,1096
the matrix: path of neo,1097
extermination,1098
call of duty: finest hour,1099
beat down: fists of vengeance,1100
bayonetta 2,1101
the secret world,1102
cabela's legendary adventures,1103
cabela's survival: shadows of katmai,1104
aliens vs predator: requiem,1105
madworld,1106
mafia,1107
sniper: ghost warrior 2,1108
turok,1109
red faction: armageddon,1110
mafia ii,1111
backyard wrestling: don't try this at home,1112
l.a. noire,1113
resident evil: the umbrella chronicles,1114
resident evil: the mercenaries 3d,1115
resident evil: the darkside chronicles,1116
watch dogs,1117
call of duty: black ops ii,1118
red ninja: end of honor,1119
resident evil: operation raccoon city,1120
sleeping dogs,1121
vanquish,1122
prey,1123
way of the samurai 4,1124
l.a. noire: the complete edition,1125
red orchestra 2: heroes of stalingrad,1126
vampire rain: altered species,1127
call of juarez: the cartel,1128
bloodrayne 2,1129
bioshock infinite,1130
bioshock 2,1131
battlefield 4,1132
assassin's creed: unity,1133
saints row iv,1134
trapped dead,1135
bioshock,1136
south park: the stick of truth,1137
leisure suit larry: magna cum laude,1138
killzone 3,1139
killzone 2,1140
killzone: shadow fall,1141
crysis,1142
wolfenstein: the new order,1143
call of juarez,1144
red dead redemption,1145
bayonetta,1146
vietcong: purple haze,1147
singularity,1148
binary domain,1149
red dead redemption: undead nightmare,1150
bionic commando,1151
soldier of fortune: payback,1152
knights contract,1153
manhunt,1154
manhunt 2,1155
saints row 2,1156
scarface: money. power. respect.,1157
predator: concrete jungle,1158
sega casino,1159
resident evil 4,1160
left 4 dead,1161
shadow of rome,1162
max payne 3,1163
max payne 2: the fall of max payne,1164
risen 2: dark waters,1165
left 4 dead 2,1166
wanted: weapons of fate,1167
kingdoms of amalur: reckoning,1168
metro: last light,1169
serious sam 3: bfe,1170
rage,1171
ultimate mortal kombat,1172
fatal frame iii: the tormented,1173
uncharted 4: a thief's end,1174
undead knights,1175
metal gear solid: peace walker,1176
viking: battle for asgard,1177
shadows of the damned,1178
metal gear solid 4: guns of the patriots,1179
metal gear solid v: ground zeroes,1180
wolfenstein,1181
bulletstorm,1182
brothers in arms: hell's highway,1183
urban chaos: riot response,1184
medal of honor,1185
legendary,1186
quake 4,1187
psi-ops: the mindgate conspiracy,1188
metro 2033,1189
mass effect 3,1190
resistance 2,1191
silent hill 4: the room,1192
lost planet 3,1193
resistance: fall of man,1194
resident evil 6,1195
warriors: legends of troy,1196
resident evil 5,1197
company of heroes,1198
company of heroes: opposing fronts,1199
metal gear rising: revengeance,1200
company of heroes 2,1201
wasteland 2,1202
conan,1203
resistance 3,1204
condemned 2: bloodshot,1205
"warhammer 40,000: space marine",1206
borderlands 2,1207
clive barker's jericho,1208
mass effect 2,1209
mass effect,1210
lollipop chainsaw,1211
world poker tour,1212
call of duty: advanced warfare,1213
world series of poker,1214
cold fear,1215
cold winter,1216
silent hill: downpour,1217
the godfather ii,1218
fight club,1219
the warriors,1220
the haunted: hell's reach,1221
the house of the dead: overkill,1222
stranglehold,1223
driver '76,1224
xcom: enemy unknown,1225
gun,1226
duke nukem forever,1227
the house of the dead: overkill - extended cut,1228
far cry 4,1229
far cry 3,1230
yaiba: ninja gaiden z,1231
yakuza,1232
yakuza: dead souls,1233
yakuza 2,1234
the witcher 3: wild hunt,1235
nier,1236
the witcher 2: assassins of kings,1237
the witcher: enhanced edition,1238
the witcher,1239
yakuza 3,1240
ninja gaiden 3,1241
the getaway: black monday,1242
swat 4,1243
still life 2,1244
arma ii,1245
murdered: soul suspect,1246
army of two: the devil's cartel,1247
hellgate: london,1248
afro samurai,1249
heavy rain,1250
tomb raider,1251
army of two: the 40th day,1252
haze,1253
dragon age: origins,1254
dragon age ii,1255
enemy front,1256
dragon age: inquisition,1257
timeshift,1258
army of two,1259
arma iii,1260
the getaway,1261
payday 2,1262
state of emergency 2,1263
drakengard 3,1264
age of conan: rise of the godslayer,1265
timesplitters: future perfect,1266
escape dead island,1267
operation flashpoint: red river,1268
the order: 1886,1269
operation flashpoint: dragon rising,1270
golden nugget casino ds,1271
golden axe: beast rider,1272
alone in the dark,1273
god of war iii,1274
god of war ii,1275
god of war: ghost of sparta,1276
god of war: ascension,1277
god of war,1278
no more heroes: heroes' paradise,1279
no more heroes 2: desperate struggle,1280
aliens vs predator,1281
aliens: colonial marines,1282
f.e.a.r. 2: project origin,1283
alien: isolation,1284
tom clancy's ghost recon: future soldier,1285
alone in the dark: inferno,1286
the punisher,1287
alpha protocol,1288
game of thrones,1289
the walking dead: survival instinct,1290
the suffering: ties that bind,1291
the suffering,1292
fallout: new vegas,1293
grand theft auto v,1294
grand theft auto iv,1295
gangs of london,1296
grand theft auto: vice city stories,1297
grand theft auto: san andreas,1298
grand theft auto: liberty city stories,1299
grand theft auto: chinatown wars,1300
the saboteur,1301
anarchy reigns,1302
ninja gaiden sigma,1303
gears of war,1304
the last of us,1305
evil dead: regeneration,1306
assassin's creed,1307
dead rising 2,1308
dead rising 2: off the record,1309
dead space,1310
dead space 2,1311
dead space 3,1312
dead to rights: retribution,1313
tom clancy's splinter cell: double agent,1314
inversion,1315
mortal kombat: armageddon,1316
def jam: fight for ny,1317
the chronicles of riddick: assault on dark athena,1318
defiance,1319
the club,1320
infected,1321
dementium: the ward,1322
the cursed crusade,1323
300: march to glory,1324
deus ex: human revolution,1325
mortal kombat: deception,1326
assassin's creed iv: black flag,1327
dead rising: chop till you drop,1328
dead island,1329
spartan: total warrior,1330
spec ops: the line,1331
assassin's creed: rogue,1332
neverdead,1333
damnation,1334
just cause 2,1335
darksiders,1336
fist of the north star: ken's rage,1337
fist of the north star: ken's rage 2,1338
mortal kombat,1339
mortal kombat: unchained,1340
dead head fred,1341
dead island: riptide,1342
the elder scrolls v: skyrim,1343
assassin's creed ii,1344
assassin's creed: revelations,1345
assassin's creed: brotherhood,1346
dishonored,1347
forbidden siren 2,1348
zombiu,1349
the evil within,1350
homefront,1351
hitman: blood money,1352
the darkness ii,1353
assassin's creed iii,1354
50 cent: bulletproof,1355
50 cent: blood on the sand,1356
the darkness,1357
hunted: the demon's forge,1358
nfl street,1359
nfl 2k3,1360
over the hedge,1361
winx club: mission enchantix,1362
rally fusion: race of champions,1363
true swing golf,1364
disney tangled,1365
new super mario bros. wii,1366
new super mario bros. u,1367
winter sports 2: the next challenge,1368
nintendogs,1369
winx club: quest for the codex,1370
nitrobike,1371
rapala pro fishing,1372
ratatouille,1373
racquet sports,1374
zendoku,1375
winter stars,1376
yu-gi-oh! world championship tournament 2004,1377
no rules: get phat,1378
nintendo land,1379
yu-gi-oh! the sacred cards,1380
zapper: one wicked cricket!,1381
nickelodeon fit,1382
zumba fitness,1383
nhl 2002,1384
nhl 2001,1385
wii sports resort,1386
wii music,1387
nickelodeon dance,1388
yu-gi-oh! worldwide edition: stairway to the destined duel,1389
wii party,1390
disney's winnie the pooh's rumbly tumbly adventure,1391
zoo tycoon,1392
wing island,1393
wildlife park 3,1394
wild earth: african safari,1395
wild wild racing,1396
zoo tycoon 2,1397
zoo tycoon 2 ds,1398
zoo keeper,1399
zoo hospital,1400
wii party u,1401
nfl tour,1402
zoocube,1403
zoo tycoon ds,1404
ninjabread man,1405
yu-gi-oh! world championship 2008,1406
nhl 2005,1407
rail simulator,1408
wipeout 64,1409
zenses: rainforest,1410
nhl 2k3,1411
zone of the enders: the fist of mars,1412
wii play,1413
railroad tycoon 3,1414
zenses: ocean,1415
wipeout fusion,1416
pokémon trading card game,1417
over the hedge: hammy goes nuts!,1418
worms 3d,1419
worms: open warfare,1420
worms: battle islands,1421
princess on ice,1422
prinny: can i really be the hero?,1423
"prinny 2: dawn of operation panties, dood!",1424
prism: light the way,1425
pirates: duels on the high seas,1426
world tour soccer,1427
pro evolution soccer,1428
pinobee: wings of adventure,1429
ping pals,1430
pimp my ride: street racing,1431
world tour soccer 06,1432
pes 2009: pro evolution soccer,1433
world snooker championship 2007,1434
pilotwings 64,1435
pilotwings,1436
world snooker challenge 2005,1437
pilot academy,1438
pictionary,1439
world of zoo,1440
picross ds,1441
worms forts: under siege,1442
picross 3d,1443
pitfall: the mayan adventure,1444
worms world party,1445
pokémon emerald version,1446
pokémon stadium 2,1447
pokémon platinum version,1448
pocket monsters stadium,1449
pokémon mystery dungeon: blue rescue team,1450
playstation move heroes,1451
poképark wii: pikachu's adventure,1452
polarium,1453
pony friends,1454
pony friends 2,1455
yoshi's woolly world,1456
platypus,1457
pool party,1458
popeye: rush for spinach,1459
popolocrois,1460
power rangers: dino thunder,1461
plants vs. zombies: garden warfare,1462
plants vs. zombies,1463
planet of the apes,1464
pitfall: the lost expedition,1465
prehistorik man,1466
prince of persia: the sands of time,1467
wipeout pulse,1468
x-men: next dimension,1469
phineas and ferb,1470
yu-gi-oh! 5d's tag force 5,1471
yu-gi-oh! capsule monster coliseum,1472
outrun 2006: coast 2 coast,1473
yu-gi-oh! dark duel stories,1474
yu-gi-oh! the eternal duelist soul,1475
order up!!,1476
yu-gi-oh! gx: tag force,1477
space bust-a-move,1478
bust-a-move universe,1479
planet puzzle league,1480
puzzle quest: challenge of the warlords,1481
puzzle quest: galactrix,1482
yu-gi-oh! gx: tag force 2,1483
yu-gi-oh! gx: tag force 3,1484
r-type final,1485
oni,1486
r-type iii: the third lightning,1487
r-type command,1488
oddworld: munch's oddysee,1489
wireway,1490
wipeout pure,1491
your shape: fitness evolved 2013,1492
phoenix wright: ace attorney,1493
yoshi topsy-turvy,1494
yoshi's new island,1495
x-men: reign of apocalypse,1496
perfect dark,1497
paris-dakar rally,1498
world of goo,1499
world driver championship,1500
world championship pool 2004,1501
paperboy,1502
paper mario: sticker star,1503
paper mario,1504
super swing golf,1505
pac 'n roll,1506
pac-pix,1507
pac-man world 3,1508
pac-man world 2,1509
pac-man world rally,1510
xgiii: extreme g racing,1511
xgra: extreme g racing association,1512
xiaolin showdown,1513
punch-out!!,1514
yamaha supercross,1515
yoshi touch & go,1516
puppy luv: spa and resort,1517
pure,1518
yoshi's island ds,1519
pokémon crystal version,1520
yoshi's story,1521
ratchet: deadlocked,1522
shaun white snowboarding,1523
rayman: hoodlum's revenge,1524
tiger woods pga tour 09,1525
tiger woods pga tour 10,1526
street fighter alpha 3 max,1527
street fighter alpha 3,1528
story of seasons,1529
tiger woods pga tour 11,1530
disney's stitch: experiment 626,1531
tiger woods pga tour 14,1532
tiger woods pga tour 2001,1533
start the party!,1534
tiger woods pga tour 2002,1535
tiger woods pga tour 2003,1536
tiger woods pga tour 2004,1537
tiger woods pga tour 2005,1538
tiger woods pga tour golf,1539
tiger woods pga tour 08,1540
star wars: super bombad racing,1541
street hoops,1542
the simpsons: road rage,1543
nikoli's pencil puzzle,1544
the island of dr. frankenstein,1545
stuntman,1546
stuart little 3: big photo adventure,1547
stuart little 2,1548
theme park,1549
sim theme park,1550
tiger woods pga tour,1551
tiger woods pga tour 06,1552
tiger woods pga tour 07,1553
street supremacy,1554
star wars: shadows of the empire,1555
tom and jerry tales,1556
spyro: season of ice,1557
spyro orange: the cortex conspiracy,1558
spyro: enter the dragonfly,1559
spyro: a hero's tail,1560
eyetoy: operation spy,1561
spy hunter,1562
top gun: combat zones,1563
sprint cars: road to knoxville,1564
deca sports 3,1565
deca sports 2,1566
deca sports,1567
sports collection,1568
spongebob squarepants: supersponge,1569
top spin,1570
top spin 2,1571
top spin 3,1572
torino 2006,1573
spider-man 2,1574
spyro 2: season of flame,1575
spyro: attack of the rhynocs,1576
squinkies,1577
top gear rally,1578
tomodachi life,1579
star wars: jedi starfighter,1580
tony hawk: shred,1581
tony hawk's american sk8land,1582
tony hawk's downhill jam,1583
tony hawk's motion,1584
tony hawk's pro skater 2,1585
the scorpion king: sword of osiris,1586
tony hawk's pro skater 3,1587
tony hawk's pro skater 4,1588
tony hawk's underground 2,1589
ssx tricky,1590
ssx blur,1591
ssx,1592
sudoku fever,1593
sudokuro,1594
the revenge of shinobi,1595
tales of destiny,1596
the dog island,1597
tak and the power of juju,1598
tak 2: the staff of dreams,1599
tak: the great juju challenge,1600
taito legends 2,1601
the flintstones: big trouble in bedrock,1602
syberia ii,1603
syberia,1604
sword of mana,1605
new super mario bros. 2,1606
superstars v8 racing,1607
superman returns,1608
superman: shadow of apokolips,1609
supercar street challenge,1610
tales of destiny 2,1611
tales of phantasia,1612
teenage mutant ninja turtles 2: battle nexus,1613
tennis,1614
test drive unlimited,1615
tetris,1616
tetris ds,1617
tetris dx,1618
tetris party deluxe,1619
super trucks racing,1620
tetris worlds,1621
teen titans,1622
test drive,1623
disney's tarzan untamed,1624
disney's tarzan: return to the jungle,1625
tamagotchi connection: corner shop 2,1626
tales of the abyss,1627
tales of rebirth,1628
super swing golf season 2,1629
super r.c. pro-am,1630
super mario galaxy,1631
mario pinball land,1632
super mario advance,1633
super mario 64,1634
the lost vikings,1635
super mario 3d world,1636
super mario 3d land,1637
super dragon ball z,1638
the next big thing,1639
the powerpuff girls: him and seek,1640
super bust-a-move,1641
super bomberman 4,1642
super black bass fishing,1643
summoner,1644
summer challenge: athletics tournament,1645
summer athletics: the ultimate challenge,1646
suikoden v,1647
super mario galaxy 2,1648
the legend of zelda: the wind waker,1649
the legend of zelda: the minish cap,1650
the legend of zelda: oracle of seasons,1651
super princess peach,1652
super paper mario,1653
super monkey ball deluxe,1654
super monkey ball adventure,1655
super monkey ball 3d,1656
super monkey ball: touch & roll,1657
super monkey ball: step & roll,1658
super metroid,1659
super smash bros.,1660
the legend of heroes ii: prophecy of the moonlight witch,1661
the legend of zelda: link's awakening,1662
the legend of zelda: link's awakening dx,1663
the legend of zelda: majora's mask,1664
the legend of zelda: ocarina of time,1665
the legend of zelda: oracle of ages,1666
super mario world,1667
super mario land 2: 6 golden coins,1668
super mario kart,1669
ratchet & clank,1670
spider-man: mysterio's menace,1671
rooms: the main building,1672
romance of the three kingdoms viii,1673
rollercoaster tycoon 3,1674
rollercoaster tycoon 2,1675
rocky,1676
virtua pro football,1677
rock 'n' roll adventures,1678
virtua tennis,1679
virtua tennis 2009,1680
virtua tennis 3,1681
rock band 2,1682
robotech: the macross saga,1683
robotech: battlecry,1684
rubik's world,1685
road trip,1686
rugby 06,1687
rugby 15,1688
sega soccer slam,1689
seek and destroy,1690
vertigo,1691
vexx,1692
sea monsters: a prehistoric adventure,1693
scribblenauts,1694
scrabble blast!,1695
scooby-doo 2: monsters unleashed,1696
alfa romeo racing italiano,1697
sbk x: superbike world championship,1698
sbk 2011: fim superbike world championship,1699
sbk: snowboard kids,1700
salt lake 2002,1701
safari adventures: africa,1702
viewtiful joe: red hot rumble,1703
rumble racing,1704
rugby world cup 2011,1705
rugby 2005,1706
rugby 08,1707
virtua tennis 4,1708
virtual kasparov,1709
we love katamari,1710
whirl tour,1711
whiteout,1712
wii fit,1713
wii fit plus,1714
redcard 20-03,1715
red bull bc one,1716
real soccer 2009,1717
real soccer 2008,1718
ready 2 rumble boxing: round 2,1719
ready 2 rumble boxing,1720
re-volt,1721
rc revenge pro,1722
rayman raving rabbids,1723
rayman 3: hoodlum havoc,1724
rayman 3,1725
rayman 2: the great escape,1726
we cheer,1727
warriors of might and magic,1728
wario land ii,1729
wario land 4,1730
riviera: the promised land,1731
riven: the sequel to myst,1732
wall-e,1733
wappy dog,1734
rio,1735
shaun palmer's pro snowboarder,1736
ridge racer v,1737
ridge racer 7,1738
ridge racer 2,1739
ridge racer,1740
richard burns rally,1741
ribbit king,1742
rhythm tengoku,1743
rhythm heaven,1744
rez,1745
wario land 3,1746
ridge racer ds,1747
shaun white skateboarding,1748
sonic rush,1749
sonic riders: zero gravity,1750
sonic riders,1751
sonic heroes,1752
sonic boom: fire & ice,1753
sonic advance 3,1754
sonic advance 2,1755
sonic & sega all-stars racing,1756
pipe mania,1757
smashing drive,1758
smash court tennis 3,1759
smash cars,1760
sly cooper and the thievius raccoonus,1761
sly 3: honor among thieves,1762
disaster report,1763
trials fusion,1764
totally spies! totally party,1765
totally spies! 2: undercover,1766
touch detective,1767
spider-man,1768
touch mechanic,1769
speed racer: the videogame,1770
sly 2: band of thieves,1771
space invaders revolution,1772
space invaders,1773
touchmaster,1774
tour de france 2014,1775
tourist trophy: the real riding simulator,1776
toy shop,1777
toy story mania!,1778
trackmania: build to race,1779
trackmania ds,1780
speed kings,1781
totally spies!,1782
sled storm,1783
skylanders: spyro's adventure,1784
shrek superslam,1785
shox,1786
ultimate band,1787
shovel knight,1788
ship simulator 2008,1789
ship simulator extremes,1790
shining soul ii,1791
shining soul,1792
shining force: resurrection of the dark dragon,1793
uru: ages beyond myst,1794
v-rally 3,1795
summer sports 2: island sports party,1796
shaun white snowboarding: world stage,1797
shaun white snowboarding: road trip,1798
shrek 2,1799
shrek the third,1800
sky odyssey,1801
sing party,1802
simcity ds,1803
simcity 4,1804
simcity 2000,1805
simcity,1806
simanimals,1807
silent scope,1808
ty the tasmanian tiger 2: bush rescue,1809
tycoon city: new york,1810
udraw studio: instant artist,1811
uefa champions league 2006-2007,1812
sid meier's railroads!,1813
silpheed: the lost planet,1814
new super mario bros.,1815
madagascar,1816
zumba fitness 2,1817
hello kitty: roller rescue,1818
hello kitty: birthday adventures,1819
hello kitty: big city dreams,1820
chuchu rocket!,1821
x-men: the official game,1822
cities in motion,1823
hatsune miku: project mirai dx,1824
harvest moon 3d: a new beginning,1825
harvest moon: animal parade,1826
harvest moon: magical melody,1827
harry potter and the prisoner of azkaban,1828
cities xl 2011,1829
city crisis,1830
new super luigi u,1831
harry potter and the chamber of secrets,1832
dirt 2,1833
colin mcrae rally 04,1834
colin mcrae rally 2.0,1835
harry potter and the sorcerer's stone,1836
harry potter: quidditch world cup,1837
colin mcrae rally 2005,1838
hercules: the legendary journeys,1839
harlem globetrotters: world tour,1840
herdy gerdy,1841
justice league heroes,1842
chessmaster,1843
il-2 sturmovik,1844
ico,1845
i-ninja,1846
hysteria hospital: emergency ward,1847
hotel giant ds,1848
chicken shoot,1849
hotel giant 2,1850
hot wheels: track attack,1851
hot wheels: stunt track challenge,1852
hot wheels: burnin' rubber,1853
hot wheels: beat that!,1854
chicken shoot 2,1855
hot potato!,1856
horse life adventures,1857
horse life,1858
honeycomb beat,1859
holly hobbie & friends,1860
high school musical 2: work this out!,1861
high school musical: sing it!,1862
hidden mysteries: titanic - secrets of the fateful voyage,1863
hidden mysteries: buckingham palace,1864
hidden invasion,1865
hard rock casino,1866
hard hitter tennis,1867
happy feet,1868
pinball hall of fame: the gottlieb collection,1869
camping mama: outdoor adventures,1870
crafting mama,1871
corvette,1872
golden sun: the lost age,1873
davis cup tennis,1874
godzilla: domination!,1875
gobliiins 4,1876
go! sudoku,1877
2010 fifa world cup south africa,1878
glover,1879
gitaroo man lives!,1880
gitaroo man,1881
giants: citizen kabuto,1882
ghost pirates of vooju island,1883
get fit with mel b,1884
curious george,1885
george of the jungle and the search for the secret,1886
geometry wars: galaxies,1887
genji: days of the blade,1888
gekido advance: kintaro's revenge,1889
gradius galaxies,1890
gradius collection,1891
gradius v,1892
graffiti kingdom,1893
hannah montana: music jam,1894
hannah montana,1895
hamtaro: ham-hams unite!,1896
hamtaro: ham-ham heartbreak,1897
hamtaro: ham-ham games,1898
hamsterz life,1899
flash focus: vision training in minutes a day,1900
colin mcrae rally 3,1901
guitar hero iii: legends of rock,1902
guitar hero ii,1903
guitar hero: on tour,1904
guitar hero,1905
gt pro series,1906
gt legends,1907
gt advance championship racing,1908
gt advance 2: rally racing,1909
gripshift,1910
combat of giants: dinosaurs 3d,1911
contact,1912
grandia ii,1913
grand prix challenge,1914
grand slam tennis 2,1915
cooking mama,1916
gran turismo 6,1917
gran turismo 5,1918
cooking mama 3: shop & chop,1919
gti club: supermini festa!,1920
charlie and the chocolate factory,1921
ceville,1922
carmen sandiego: the secret of the stolen drums,1923
carnival games,1924
kororinpa: marble mania,1925
konami krazy racers,1926
konami collector's series: arcade advanced,1927
knockout kings 2002,1928
knockout kings 2001,1929
knockout kings 2000,1930
knights in the nightmare,1931
knack,1932
klonoa 2: lunatea's veil,1933
klonoa: empire of dreams,1934
klonoa,1935
kirby's pinball land,1936
carnival games: wild west 3d,1937
kirby super star,1938
carnival island,1939
kirby's dream land 3,1940
kirby's dream land 2,1941
kirby's block ball,1942
kirby super star ultra,1943
cars,1944
kirby: mass attack,1945
kirby 64: the crystal shards,1946
kirby: canvas curse,1947
captain toad: treasure tracker,1948
cake mania,1949
caesars palace advance: millennium gold edition,1950
cabela's adventure camp,1951
march of the penguins,1952
bratz: the movie,1953
the legend of spyro: dawn of the dragon,1954
breath of fire ii,1955
the wild thornberrys movie,1956
breath of fire iii,1957
petz wild animals: dolphinz,1958
britney's dance beat,1959
championship manager 3,1960
championship manager 2010,1961
brunswick pro bowling,1962
bubble bobble double shot,1963
bubble bobble evolution,1964
bubble bobble revolution,1965
burnout,1966
burnout 2: point of impact,1967
burnout 3: takedown,1968
ice age 2: the meltdown,1969
buzz! junior: jungle party,1970
the adventures of cookie & cream,1971
kung fu panda 2,1972
disgaea 2: dark hero days,1973
garfield's fun fest,1974
kirby's epic yarn,1975
catwoman,1976
jonah lomu rugby challenge,1977
john daly's prostroke golf,1978
help wanted: 50 wacky jobs,1979
jimmy neutron: boy genius,1980
jewel quest iv: heritage,1981
jewel match 2,1982
cradle of rome,1983
wave rally,1984
jet force gemini,1985
jenga world tour,1986
catz,1987
petz: catz 2,1988
jade cocoon 2,1989
ivy the kiwi?,1990
island xtreme stunts,1991
iridium runners,1992
iridion 3d,1993
intellivision lives!,1994
brain challenge,1995
big brain academy,1996
smarty pants,1997
big league sports,1998
jurassic park iii: island attack,1999
jurassic park iii: park builder,2000
just dance,2001
kingdom hearts ii,2002
kingdom hearts: chain of memories,2003
king's field: the ancient city,2004
cars 2,2005
kid icarus: uprising,2006
kengo: master of bushido,2007
kelly slater's pro surfer,2008
katamari forever,2009
kao the kangaroo round 2,2010
kao the kangaroo,2011
just dance 4,2012
cartoon network racing,2013
just dance 3,2014
just dance 2015,2015
casper,2016
casper: spirit dimensions,2017
castlevania: dawn of sorrow,2018
castlevania: legacy of darkness,2019
just dance 2014,2020
just dance 2,2021
just dance: disney party,2022
style savvy: trendsetters,2023
2014 fifa world cup brazil,2024
game party: champions,2025
what's cooking? jamie oliver,2026
euro truck simulator,2027
etrian odyssey untold: the millennium girl,2028
dance factory,2029
etrian odyssey,2030
espn x games skateboarding,2031
espn nhl hockey,2032
espn nhl 2k5,2033
espn nfl football,2034
espn nfl 2k5,2035
espn nba basketball,2036
espn nba 2k5,2037
espn nba 2night 2002,2038
espn nba 2night,2039
espn international winter sports 2002,2040
espn final round golf 2002,2041
ephemeral fantasia,2042
dance dance revolution: hottest party,2043
endless ocean,2044
magician's quest: mysterious times,2045
elebits: the adventures of kai and zero,2046
elebits,2047
electroplankton,2048
dave mirra freestyle bmx 2,2049
de blob,2050
"ed, edd n eddy: the mis-edventures",2051
ecco the dolphin: defender of the future,2052
every extend extra,2053
easy piano,2054
hot shots golf: open tee 2,2055
cube,2056
f1 2012,2057
f1 2011,2058
crash tag team racing,2059
crazy machines,2060
f1 2010,2061
f1 2009,2062
f1 2002,2063
f1 2001,2064
f-zero x,2065
crazy taxi,2066
f-zero: maximum velocity,2067
crazy taxi: catch a ride,2068
f-zero: gp legend,2069
f-zero,2070
cruis'n,2071
f-14 tomcat,2072
eyetoy: kinetic,2073
eyetoy: groove,2074
eyetoy: antigrav,2075
eyepet,2076
crush3d,2077
excitebike 64,2078
earthworm jim 2,2079
earthworm jim,2080
ea sports active 2,2081
donkey kong country 2,2082
donkey kong country: tropical freeze,2083
donkey kong country,2084
disney's pk: out of the shadows,2085
dogz,2086
dog's life,2087
dk: king of swing,2088
dj hero,2089
disney's party,2090
digimon racing,2091
disney sports skateboarding,2092
disney sing it: pop hits,2093
disney sing it: family hits,2094
disney sing it,2095
disney princess: enchanted journey,2096
disney princess: magical jewels,2097
disgaea: afternoon of darkness,2098
disgaea: hour of darkness,2099
disney golf,2100
disney's extreme skate adventure,2101
diddy kong racing ds,2102
donkey kong country 2: diddy's kong quest,2103
donkey kong country 3,2104
donkey kong country 3: dixie kong's double trouble!,2105
ea sports active,2106
ea playground,2107
e.t. the extra-terrestrial,2108
dt racer,2109
driving emotion type-s,2110
driver 2 advance,2111
driven,2112
dreamworks super star kartz,2113
dream pinball 3d,2114
dragon ball z: supersonic warriors,2115
dragon ball z: the legacy of goku,2116
dragon ball z: budokai tenkaichi,2117
dragon ball z: budokai 3,2118
dragon ball z: budokai 2,2119
dragon ball z: budokai,2120
dragon ball gt: transformation,2121
dragon ball: origins,2122
dragon ball: advanced adventure,2123
dr. muto,2124
downforce,2125
denki blocks!,2126
dewy's adventure,2127
diddy kong racing,2128
donkey kong barrel blast,2129
donkey kong country returns,2130
f1 2013,2131
f1 2014,2132
f1 career challenge,2133
football manager 2013,2134
football manager 2012,2135
football manager 2011,2136
crash 'n' burn,2137
football manager 2010,2138
worldwide soccer manager 2009,2139
worldwide soccer manager 2008,2140
worldwide soccer manager 2007,2141
worldwide soccer manager 2006,2142
football academy,2143
folklore,2144
flipnic: ultimate pinball,2145
flingsmash,2146
crash bandicoot purple: ripto's rampage,2147
microsoft flight simulator 2004: a century of flight,2148
fishing master,2149
fisherman's challenge,2150
fire emblem: the sacred stones,2151
crash bandicoot: the wrath of cortex,2152
crash bandicoot 2: n-tranced,2153
crash bandicoot: the huge adventure,2154
crash boom bang!,2155
final fantasy tactics advance,2156
crash nitro kart,2157
final fantasy iii,2158
final fantasy fables: chocobo tales,2159
fight night round 3,2160
football manager 2014,2161
football manager 2015,2162
football manager handheld 2008,2163
football manager handheld 2009,2164
game party,2165
game & watch gallery 3,2166
game & watch gallery 2,2167
game & watch gallery,2168
fifa world cup: germany 2006,2169
g1 jockey wii,2170
g-force,2171
full auto 2: battlelines,2172
2002 fifa world cup,2173
frogger's adventures 2: the lost wand,2174
frogger advance: the great quest,2175
frogger: helmet chaos,2176
fifa street 3,2177
disney's brother bear,2178
freelancer,2179
freekstyle,2180
frantix,2181
fortune street,2182
antz extreme racing,2183
foster's home for imaginary friends: imagination invaders,2184
fortress,2185
cranium kabookii,2186
formula one 2001,2187
ford bold moves street racing,2188
ford racing 2,2189
ford mustang: the legend lives,2190
football manager handheld 2011,2191
football manager handheld 2010,2192
frequency,2193
gardening mama,2194
fifa street 2,2195
fifa soccer 10,2196
fifa soccer 09 all-play,2197
fifa soccer 09,2198
fifa soccer 08,2199
fifa soccer 07,2200
an american tail: fievel's gold rush,2201
farming simulator 2013,2202
fantasy aquarium by ds,2203
active life: extreme challenge,2204
active life: outdoor challenge,2205
family party: 30 great games,2206
master of illusion,2207
f1 race stars,2208
fifa soccer 11,2209
fifa street,2210
fifa soccer 2005,2211
fifa soccer 2004,2212
fifa soccer 2003,2213
fifa 2001: major league soccer,2214
fifa 15,2215
fifa 14,2216
fifa soccer 13,2217
fifa 12,2218
bratz: super babyz,2219
bratz: rock angelz,2220
animal crossing: new leaf,2221
ghostbusters: the video game,2222
animal crossing: wild world,2223
animal genius,2224
anno 1701: dawn of discovery,2225
anubis ii,2226
ape escape academy,2227
ape escape,2228
ape escape: on the loose,2229
ape escape 2,2230
ape escape 3,2231
mojo!,2232
mini desktop racing,2233
midnight club 3: dub edition,2234
midnight club: street racing,2235
micro machines v4,2236
micro machines 64 turbo,2237
mickey's speedway usa,2238
michael jackson: the experience,2239
ar tonelico qoga: knell of ar ciel,2240
archer maclean's mercury,2241
aquarium by ds,2242
monopoly,2243
monopoly party,2244
motogp 09/10,2245
motogp 08,2246
motogp 07,2247
motogp,2248
moto racer ds,2249
moto racer advance,2250
touchmaster 2,2251
"monsters, inc.",2252
monster trux arenas: special edition,2253
monster trucks ds,2254
alvin and the chipmunks,2255
amf bowling pinbusters!,2256
monster jam: maximum destruction,2257
monster jam: path of destruction,2258
angler's club: ultimate bass fishing 3d,2259
animal crossing: happy home designer,2260
animal crossing: city folk,2261
monster house,2262
monster high: ghoul spirit,2263
monster force,2264
arctic tale,2265
arkanoid ds,2266
armored core 3,2267
mat hoffman's pro bmx,2268
atv offroad fury pro,2269
piglet's big game,2270
make 10: a journey of numbers,2271
avatar: the last airbender,2272
mario's picross,2273
mario vs. donkey kong 2: march of the minis,2274
mario vs. donkey kong: mini-land mayhem!,2275
mario vs. donkey kong,2276
mario tennis open,2277
mario tennis,2278
mario sports mix,2279
mario hoops 3 on 3,2280
mario party: island tour,2281
mario party ds,2282
mario party advance,2283
mario party 9,2284
mario party 8,2285
mario party 3,2286
mario party 2,2287
mario party,2288
mario kart wii,2289
mario kart ds,2290
mario kart 8,2291
mario kart 7,2292
mat hoffman's pro bmx 2,2293
motogp 10/11,2294
atv offroad fury 3,2295
metroid fusion,2296
armorines: project s.w.a.r.m.,2297
personal trainer: math,2298
meteos: disney magic,2299
meteos,2300
disney friends,2301
army men: green rogue,2302
mercury meltdown,2303
men in black ii: alien escape,2304
army men: sarge's heroes 2,2305
art academy: home studio,2306
mega man zero 4,2307
mega man zero 3,2308
mega man zero,2309
asphalt: urban gt,2310
asphalt: urban gt 2,2311
mega man x7,2312
astro boy,2313
astro boy: omega factor,2314
mega man x,2315
atelier iris: eternal mana,2316
mega man powered up,2317
mega man battle network 2,2318
mega man battle network,2319
mega man battle chip challenge,2320
atelier totori: the adventurer of arland,2321
athens 2004,2322
atomic betty,2323
atv offroad fury: blazin' trails,2324
maximo: ghosts to glory,2325
mario kart 64,2326
motogp 14,2327
crosswords,2328
nba live 2000,2329
nba live 15,2330
nba live 14,2331
nba live 10,2332
7 wonders of the ancient world,2333
nba live 09 all-play,2334
nba live 09,2335
nba live 08,2336
nba live 2001,2337
nba live 07,2338
nba live 06,2339
nba jam,2340
nba hoopz,2341
nba ballers,2342
nba 2k9,2343
nba 2k8,2344
nba 2k7,2345
nba 2k6,2346
nba live 2004,2347
nba live 2005,2348
nes remix,2349
nervous brickdown,2350
neopets puzzle adventure,2351
need for speed: shift,2352
need for speed: prostreet,2353
1 vs. 100,2354
18 wheels of steel: extreme trucker,2355
4 elements,2356
need for speed: hot pursuit 2,2357
need for speed: porsche unleashed,2358
need for speed: most wanted,2359
need for speed: hot pursuit,2360
nba street vol. 2,2361
nba street v3,2362
nba street homecourt,2363
nba street,2364
nba 2k3,2365
nba 2k15,2366
nba 2k14,2367
mystery case files: ravenhearst,2368
mystery case files: millionheir,2369
aggressive inline,2370
horsez,2371
myst iii: exile,2372
myst,2373
mysims,2374
my street,2375
my frogger: toy trials,2376
my baby girl,2377
my baby boy,2378
my baby 3 & friends,2379
alias,2380
alice in wonderland,2381
alien hominid,2382
all-star baseball 2002,2383
mx unleashed,2384
all-star baseball 2004,2385
mtx mototrax,2386
ms. pac-man maze madness,2387
mister mosquito,2388
myth makers: super kart gp,2389
namco museum,2390
nba 2k13,2391
nba 2k12,2392
nba 2k11,2393
academy of champions: soccer,2394
nba 2k10,2395
nba 08,2396
national geographic challenge!,2397
nascar '14,2398
magnetica,2399
activision anthology,2400
advance guardian heroes,2401
advance wars,2402
namco museum remix,2403
namco museum ds,2404
n+,2405
babysitting mania,2406
mario strikers charged,2407
mario golf: world tour,2408
beyblade: metal fusion,2409
beyblade vforce: ultimate blader jam,2410
big beach sports,2411
lego star wars ii: the original trilogy,2412
lego star wars: the video game,2413
lego star wars: the complete saga,2414
big mutha truckers,2415
billy the wizard: rocket broomstick racing,2416
black & white,2417
"blast works: build, trade, destroy",2418
blokus portable: steambot championship,2419
drawn to life,2420
spongebob's atlantis squarepantis,2421
spongebob squigglepants,2422
lemmings,2423
nicktoons: attack of the toybots,2424
fantastic 4,2425
lemony snicket's a series of unfortunate events,2426
the sims: bustin' out,2427
the sims: hot date,2428
the sims: vacation,2429
beetle adventure racing!,2430
the sims,2431
the smurfs,2432
surf's up,2433
open season,2434
rugrats: i gotta go party,2435
the penguins of madagascar,2436
rhythm thief & the emperor's treasure,2437
looney tunes: back in action,2438
bella sara,2439
ben 10: alien force,2440
mario kart: super circuit,2441
the incredibles,2442
franklin's great adventures,2443
betty boop's double shift,2444
boktai: the sun is in your hand,2445
boktai 2: solar boy django,2446
charlotte's web,2447
bookworm deluxe,2448
finding nemo,2449
boom blox,2450
boom blox bash party,2451
botanicula,2452
braid,2453
le mans 24 hours,2454
brain assist,2455
disney's the jungle book,2456
the italian job,2457
ultimate board game collection,2458
lady sia,2459
bratz: forever diamondz,2460
up,2461
the land before time: into the mysterious beyond,2462
the sum of all fears,2463
the polar express,2464
the lord of the rings: the fellowship of the ring,2465
the lord of the rings: the return of the king,2466
lego indiana jones: the original adventures,2467
bombastic,2468
bomberman,2469
lego harry potter: years 1-4,2470
bomberman land,2471
bee movie game,2472
bomberman land touch! 2,2473
bomberman max 2: blue advance,2474
bomberman max 2: red advance,2475
bomberman story ds,2476
bomberman tournament,2477
boogie,2478
legend of kay,2479
the lord of the rings: the two towers,2480
bomberman land touch!,2481
madden nfl 06,2482
madagascar: operation penguin,2483
mad maestro!,2484
machinarium,2485
star fox 64,2486
luxor: pharaoh's challenge,2487
the ant bully,2488
banjo-kazooie,2489
looney tunes: duck amuck,2490
looney tunes: cartoon conductor,2491
imagine: fashion party,2492
barbie and the magic of pegasus,2493
locoroco,2494
barbie horse adventures: blue ribbon race,2495
barbie horse adventures: wild horse rescue,2496
lizzie mcguire 3: homecoming havoc,2497
littlest pet shop: jungle,2498
littlest pet shop: friends,2499
littlest pet shop,2500
batman: rise of sin tzu,2501
banjo-kazooie: grunty's revenge,2502
madden nfl 07,2503
madden nfl 08,2504
mario golf: advance tour,2505
mario golf,2506
bahamut lagoon,2507
mario & sonic at the london 2012 olympic games,2508
mario & sonic at the sochi 2014 olympic winter games,2509
mario & sonic at the olympic winter games,2510
mario & luigi: bowser's inside story,2511
motocross maniacs advance,2512
baja: edge of control,2513
major league baseball 2k12,2514
major league baseball 2k11,2515
mahjongg mysteries: ancient egypt,2516
madden nfl 25,2517
madden nfl 2005,2518
madden nfl 2003,2519
madden nfl 2002,2520
madden nfl 2001,2521
madden nfl 15,2522
madden nfl 13,2523
madden nfl 12,2524
madden nfl 11,2525
madden nfl 10,2526
madden nfl 09,2527
batman beyond: return of the joker,2528
batman: vengeance,2529
locoroco 2,2530
fifa manager 12,2531
the urbz: sims in the city,2532
the sims 3: world adventures,2533
battletanx: global assault,2534
the sims 2: castaway,2535
summer heat beach volleyball,2536
beaterator,2537
block party,2538
let's draw!,2539
disgaea 2: cursed memories,2540
let's make a soccer team!,2541
wii sports club,2542
advance wars: dual strike,2543
ultimate spider-man,2544
valhalla knights,2545
dawn of discovery,2546
under the skin,2547
cities xl 2012,2548
wii sports,2549
zathura,2550
beyblade: metal masters,2551
di-gata defenders,2552
bakugan: battle brawlers,2553
cubic ninja,2554
wii play: motion,2555
a boy and his blob,2556
crash of the titans,2557
cave story 3d,2558
time hollow,2559
wario: master of disguise,2560
anno 2070,2561
world of tanks,2562
worms: open warfare 2,2563
b-boy,2564
b-17: fortress in the sky,2565
azada,2566
bolt,2567
away: shuffle dungeon,2568
zack & wiki: quest for barbaros' treasure,2569
avatar: the last airbender - the burning earth,2570
zubo,2571
dinosaur king,2572
yu-gi-oh! 5d's tag force 4,2573
advance wars 2: black hole rising,2574
3d dot game heroes,2575
worms: a space oddity,2576
ar tonelico: melody of elemia,2577
the hobbit,2578
deep labyrinth,2579
custom robo arena,2580
ben 10: protector of earth,2581
daxter,2582
a vampyre story,2583
inkheart,2584
dave mirra bmx challenge,2585
toy story 3: the video game,2586
nicktoons: battle for volcano island,2587
spongebob squarepants: the yellow avenger,2588
top spin 4,2589
speed zone,2590
whiplash,2591
blur,2592
blue dragon plus,2593
big bang mini,2594
battle engine aquila,2595
tv superstars,2596
beyond good & evil,2597
bangai-o spirits,2598
warioware: smooth moves,2599
transformers: cybertron adventures,2600
de blob 2,2601
battlestar galactica,2602
downstream panic!,2603
winx club,2604
trauma center: under the knife,2605
child of eden,2606
transformers: dark of the moon,2607
bomberman 2,2608
transformers,2609
new international track & field,2610
disney magical world,2611
little king's story,2612
risk: global domination,2613
robin hood: defender of the crown,2614
robots,2615
the sims 2: pets,2616
littlebigplanet,2617
rodea the sky soldier,2618
the sims: makin' magic,2619
the incredibles: rise of the underminer,2620
space chimps,2621
the sims: superstar,2622
littlebigplanet 3,2623
rayman origins,2624
mario & sonic at the rio 2016 olympic games,2625
real heroes: firefighter,2626
malice,2627
reign of fire,2628
luminous arc,2629
luigi's mansion: dark moon,2630
littlebigplanet 2,2631
lost in blue 3,2632
lost in blue: shipwrecked,2633
lost in blue,2634
looney tunes: acme arsenal,2635
rhapsody: a musical adventure,2636
lock's quest,2637
lock on: modern air combat,2638
littlebigplanet karting,2639
lost in blue 2,2640
the adventures of tintin: the game,2641
lego the lord of the rings,2642
lego the hobbit,2643
lego indiana jones 2: the adventure continues,2644
shadow of destiny,2645
lego battles,2646
lego batman 2: dc super heroes,2647
lego legends of chima: laval's journey,2648
lego star wars iii: the clone wars,2649
samurai jack: the shadow of aku,2650
scaler,2651
secret of mana,2652
lego rock band,2653
scurge: hive,2654
secret agent clank,2655
lego marvel super heroes,2656
rayman legends,2657
myst iv: revelation,2658
phineas and ferb: across the 2nd dimension,2659
mx vs. atv unleashed,2660
mushroom men: rise of the fungi,2661
mushroom men: the spore wars,2662
pikmin 3,2663
patapon 3,2664
monster lab,2665
monster jam,2666
port royale 2,2667
patapon 2,2668
mystery case files: the malgrave incident,2669
need for speed: nitro,2670
need for speed: the run,2671
nights: journey of dreams,2672
ninja reflex,2673
patapon,2674
opoona,2675
pac-man party,2676
pac-man party 3d,2677
nanostray 2,2678
nanostray,2679
nancy drew: the mystery of the clue bender society,2680
mystery dungeon: shiren the wanderer,2681
onimusha tactics,2682
modnation racers,2683
mirror's edge,2684
mega man x: command mission,2685
puzzle quest 2,2686
medievil: resurrection,2687
medieval moves: deadmund's quest,2688
grid,2689
medal of honor: infiltrator,2690
mechanic master,2691
marvel super hero squad: the infinity gauntlet,2692
mega man x2,2693
marvel super hero squad,2694
raw danger!,2695
mario party 10,2696
rayman 3d,2697
mega man x8,2698
mega man zero 2,2699
mini ninjas,2700
prince of persia,2701
mike tyson boxing,2702
midnight mysteries: the edgar allan poe conspiracy,2703
mega man xtreme,2704
professor layton and the last specter,2705
professor layton and the diabolical box,2706
professor layton and the unwound future,2707
metroid prime pinball,2708
metroid ii: return of samus,2709
metroid: zero mission,2710
punch king,2711
megamind: ultimate showdown,2712
megamind: mega team unite,2713
professor layton and the curious village,2714
disney infinity,2715
go vacation,2716
super monkey ball: banana blitz,2717
super r-type,2718
garfield: the search for pooky,2719
gabrielle's ghostly groove 3d,2720
supreme commander 2,2721
fragile dreams: farewell ruins of the moon,2722
taito legends,2723
godzilla: save the earth,2724
tales of legendia,2725
fire emblem: shadow dragon,2726
teenage mutant ninja turtles,2727
fire emblem,2728
final fantasy vi advance,2729
final fantasy iv advance,2730
teenage mutant ninja turtles 3: mutant nightmare,2731
final fantasy fables: chocobo's dungeon,2732
tank! tank! tank!,2733
terminator 3: rise of the machines,2734
super castlevania iv,2735
gormiti: the lords of nature!,2736
star wars: starfighter,2737
harry potter and the goblet of fire,2738
harry potter and the order of the phoenix,2739
star wars trilogy: apprentice of the force,2740
starsky & hutch,2741
steel diver,2742
gunstar super heroes,2743
grid 2,2744
suikoden iv,2745
gran turismo 4,2746
star fox 64 3d,2747
fantasy life,2748
thrillville,2749
thrillville: off the rails,2750
dragon quest monsters: joker 2,2751
dragon quest monsters: joker,2752
emergency heroes,2753
dragon ball z: taiketsu,2754
dragon ball z: harukanaru densetsu,2755
doodle hex,2756
tmnt,2757
tokobot,2758
disney universe,2759
dragon ball z: supersonic warriors 2,2760
field commander,2761
endless ocean: blue world,2762
the settlers,2763
fading shadows,2764
the kore gang,2765
rabbids land,2766
the legend of spyro: a new beginning,2767
the legend of spyro: the eternal night,2768
the legend of zelda: a link between worlds,2769
the simpsons: hit & run,2770
the legend of zelda: a link to the past,2771
the legend of zelda: phantom hourglass,2772
the legend of zelda: spirit tracks,2773
the legend of zelda: tri force heroes,2774
exit ds,2775
exit,2776
the rub rabbits!,2777
excite truck,2778
everquest online adventures,2779
hearts of iron iii,2780
henry hatsworth in the puzzling adventure,2781
sins of a solar empire,2782
tim burton's the nightmare before christmas: oogie's revenge,2783
skylanders giants,2784
skylanders: trap team,2785
ice age: dawn of the dinosaurs,2786
sly cooper: thieves in time,2787
kung fu panda,2788
simcity creator,2789
lego batman: the videogame,2790
the chronicles of narnia: prince caspian,2791
simcity societies,2792
disney's the haunted mansion,2793
disney's a christmas carol,2794
silent hunter: wolves of the pacific,2795
silent hunter iii,2796
night at the museum: battle of the smithsonian,2797
kung fu panda: legendary warriors,2798
sonic and the secret rings,2799
inazuma eleven 3,2800
split/second,2801
spore,2802
inazuma eleven,2803
spore hero,2804
innocent life: a futuristic harvest moon,2805
imperium romanum,2806
il-2 sturmovik: birds of prey,2807
spy hunter 2,2808
spy kids 3-d: game over,2809
spyro: shadow legacy,2810
hospital tycoon,2811
star trek: conquest,2812
star wars: flight of the falcon,2813
il-2 sturmovik: forgotten battles,2814
solatorobo: red the hunter,2815
tom clancy's splinter cell,2816
splatoon,2817
sonic chronicles: the dark brotherhood,2818
sonic rivals,2819
sonic rivals 2,2820
kirby: triple deluxe,2821
kirby: planet robobot,2822
disney's kim possible: global gemini,2823
kao challengers,2824
spectrobes,2825
spectrobes: origins,2826
spider-man: friend or foe,2827
journey,2828
jasf: jane's advanced strike fighters,2829
spectrobes: beyond the portals,2830
fine_names,-1
mindscape,0
focus home interactive,1
atari,2
eidos interactive,3
ubisoft,4
vivendi games,5
funbox media,6
sunflowers,7
ncsoft,8
disney interactive studios,9
electronic arts,10
sega,11
nippon ichi software,12
nobilis,13
tecmo koei,14
nintendo,15
take-two interactive,16
konami digital entertainment,17
paradox interactive,18
sony computer entertainment,19
sci,20
505 games,21
gotham games,22
rebellion,23
dtp entertainment,24
activision,25
sammy corporation,26
ignition entertainment,27
thq,28
capcom,29
namco bandai games,30
square enix,31
1c company,32
acclaim entertainment,33
majesco entertainment,34
lsp games,35
o-games,36
warner bros. interactive entertainment,37
global star,38
ccp,39
scs software,40
neko entertainment,41
deep silver,42
reef entertainment,43
koch media,44
dreamcatcher interactive,45
lucasarts,46
ghostlight,47
zoo digital publishing,48
universal interactive,49
game factory,50
agatsuma entertainment,51
codemasters,52
mamba games,53
mtv games,54
empire interactive,55
sony online entertainment,56
codemasters online,57
city interactive,58
squaresoft,59
rising star games,60
sting,61
id software,62
virgin interactive,63
ubisoft annecy,64
play it,65
gameloft,66
microsoft game studios,67
kalypso media,68
hip interactive,69
atlus,70
d3publisher,71
gathering of developers,72
daedalic,73
hudson soft,74
interplay,75
gamecock,76
havas interactive,77
ackkstudios,78
southpeak games,79
midway games,80
pqube,81
oxygen interactive,82
indie games,83
from software,84
metro 3d,85
playlogic game factory,86
"destination software, inc",87
titus,88
dhm interactive,89
valve,90
valve software,91
taito,92
sony computer entertainment europe,93
the adventure company,94
rondomedia,95
bitcomposer games,96
hmh interactive,97
iceberg interactive,98
telltale games,99
jowood productions,100
crave entertainment,101
furyu,102
mercury games,103
xseed games,104
marvelous interactive,105
wanadoo,106
jaleco,107
bam! entertainment,108
xplosiv,109
arc system works,110
kando games,111
midas interactive entertainment,112
zushi games,113
mc2 entertainment,114
ascaron entertainment gmbh,115
kemco,116
infogrames,117
gt interactive,118
nordic games,119
westwood studios,120
novalogic,121
acquire,122
bethesda softworks,123
avalon interactive,124
cdv software entertainment,125
destineer,126
gamebridge,127
activision value,128
funcom,129
illusion softworks,130
touchstone,131
tripwire interactive,132
mastertronic,133
inxile entertainment,134
visco,135
bohemia interactive,136
trion worlds,137
ea games,138
conspiracy entertainment,139
tdk mediactive,140
rtl,141
popcorn arcade,142
hudson entertainment,143
funsta,144
popcap games,145
2d boy,146
storm city games,147
swing! entertainment,148
microids,149
black bean games,150
jester interactive,151
rage software,152
bigben interactive,153
dsi games,154
3do,155
red orb,156
agetec,157
yacht club games,158
lighthouse interactive,159
maxis,160
marvelous entertainment,161
blue byte,162
game life,163
gsp,164
avanquest,165
system 3 arcade software,166
hasbro interactive,167
aspyr,168
redoctane,169
laguna,170
home entertainment suppliers,171
iwin,172
easy interactive,173
newkidco,174
xs games,175
russel,176
brash entertainment,177
milestone s.r.l.,178
mumbo jumbo,179
daedalic entertainment,180
number none,181
black label games,182
knowledge adventure,183
wargaming.net,184
licensed 4u,185
crimson cow,186
evolved games,187
pinnacle,188
ivolgamus,189
flashpoint games,190
fine_publishers,-1
wii,0
pc,1
ps3,2
ds,3
ps2,4
n64,5
gba,6
psp,7
3ds,8
ps4,9
snes,10
wiiu,11
gb,12
fine_platforms,-1
2009,0
2013,1
2008,2
2007,3
2005,4
2011,5
2001,6
2004,7
2010,8
2006,9
2002,10
2003,11
2000,12
2012,13
1999,14
2015,15
2014,16
1995,17
2016,18
1992,19
1998,20
1994,21
1997,22
1996,23
1990,24
1989,25
1991,26
1993,27
1988,28
fine_years,-1
